feature,coefficient,odds_ratio
had_eye_exam,0.0672746106894198,1.0695891584650832
physically_active,0.021256487223401087,1.0214840156398028
age_group_num,0.0019906775519787467,1.0019926602659666
diagnosis_age,-0.05029171119852363,0.9509519806939221
bmi,-0.13683764826107522,0.8721118035069682
is_male,-0.17869105347802344,0.8363642513130664
disease_duration_proxy,-0.1816806143375509,0.8338676232532591
